id	label
http://data.un.org/kos/geo/1	World
http://data.un.org/kos/geo/2	Africa
http://data.un.org/kos/geo/19	Americas
http://data.un.org/kos/geo/142	Asia
http://data.un.org/kos/geo/150	Europe
http://data.un.org/kos/geo/9	Oceania
http://data.un.org/kos/geo/14	Eastern Africa
http://data.un.org/kos/geo/17	Middle Africa
http://data.un.org/kos/geo/18	Southern Africa
http://data.un.org/kos/geo/11	Western Africa
http://data.un.org/kos/geo/29	Caribbean
http://data.un.org/kos/geo/13	Central America
http://data.un.org/kos/geo/5	South America
http://data.un.org/kos/geo/830	Channel Islands
http://data.un.org/kos/geo/86	British Indian Ocean Territory
http://data.un.org/kos/geo/108	Burundi
http://data.un.org/kos/geo/174	Comoros
http://data.un.org/kos/geo/262	Djibouti
http://data.un.org/kos/geo/232	Eritrea
http://data.un.org/kos/geo/231	Ethiopia
http://data.un.org/kos/geo/260	French Southern Territories
http://data.un.org/kos/geo/404	Kenya
http://data.un.org/kos/geo/450	Madagascar
http://data.un.org/kos/geo/454	Malawi
http://data.un.org/kos/geo/480	Mauritius
http://data.un.org/kos/geo/175	Mayotte
http://data.un.org/kos/geo/508	Mozambique
http://data.un.org/kos/geo/638	Réunion
http://data.un.org/kos/geo/646	Rwanda
http://data.un.org/kos/geo/690	Seychelles
http://data.un.org/kos/geo/706	Somalia
http://data.un.org/kos/geo/728	South Sudan
http://data.un.org/kos/geo/800	Uganda
http://data.un.org/kos/geo/834	United Republic of Tanzania
http://data.un.org/kos/geo/894	Zambia
http://data.un.org/kos/geo/716	Zimbabwe
http://data.un.org/kos/geo/24	Angola
http://data.un.org/kos/geo/120	Cameroon
http://data.un.org/kos/geo/140	Central African Republic
http://data.un.org/kos/geo/148	Chad
http://data.un.org/kos/geo/178	Congo
http://data.un.org/kos/geo/180	Democratic Republic of the Congo
http://data.un.org/kos/geo/226	Equatorial Guinea
http://data.un.org/kos/geo/266	Gabon
http://data.un.org/kos/geo/678	Sao Tome and Principe
http://data.un.org/kos/geo/72	Botswana
http://data.un.org/kos/geo/748	Eswatini
http://data.un.org/kos/geo/426	Lesotho
http://data.un.org/kos/geo/516	Namibia
http://data.un.org/kos/geo/710	South Africa
http://data.un.org/kos/geo/204	Benin
http://data.un.org/kos/geo/854	Burkina Faso
http://data.un.org/kos/geo/132	Cabo Verde
http://data.un.org/kos/geo/384	Côte d’Ivoire
http://data.un.org/kos/geo/270	Gambia
http://data.un.org/kos/geo/288	Ghana
http://data.un.org/kos/geo/324	Guinea
http://data.un.org/kos/geo/624	Guinea-Bissau
http://data.un.org/kos/geo/430	Liberia
http://data.un.org/kos/geo/466	Mali
http://data.un.org/kos/geo/478	Mauritania
http://data.un.org/kos/geo/562	Niger
http://data.un.org/kos/geo/566	Nigeria
http://data.un.org/kos/geo/654	Saint Helena
http://data.un.org/kos/geo/686	Senegal
http://data.un.org/kos/geo/694	Sierra Leone
http://data.un.org/kos/geo/768	Togo
http://data.un.org/kos/geo/660	Anguilla
http://data.un.org/kos/geo/28	Antigua and Barbuda
http://data.un.org/kos/geo/533	Aruba
http://data.un.org/kos/geo/44	Bahamas
http://data.un.org/kos/geo/52	Barbados
http://data.un.org/kos/geo/535	Bonaire, Sint Eustatius and Saba
http://data.un.org/kos/geo/92	British Virgin Islands
http://data.un.org/kos/geo/136	Cayman Islands
http://data.un.org/kos/geo/192	Cuba
http://data.un.org/kos/geo/531	Curaçao
http://data.un.org/kos/geo/212	Dominica
http://data.un.org/kos/geo/214	Dominican Republic
http://data.un.org/kos/geo/308	Grenada
http://data.un.org/kos/geo/312	Guadeloupe
http://data.un.org/kos/geo/332	Haiti
http://data.un.org/kos/geo/388	Jamaica
http://data.un.org/kos/geo/474	Martinique
http://data.un.org/kos/geo/500	Montserrat
http://data.un.org/kos/geo/630	Puerto Rico
http://data.un.org/kos/geo/652	Saint Barthélemy
http://data.un.org/kos/geo/659	Saint Kitts and Nevis
http://data.un.org/kos/geo/662	Saint Lucia
http://data.un.org/kos/geo/663	Saint Martin (French Part)
http://data.un.org/kos/geo/670	Saint Vincent and the Grenadines
http://data.un.org/kos/geo/534	Sint Maarten (Dutch part)
http://data.un.org/kos/geo/780	Trinidad and Tobago
http://data.un.org/kos/geo/796	Turks and Caicos Islands
http://data.un.org/kos/geo/850	United States Virgin Islands
http://data.un.org/kos/geo/84	Belize
http://data.un.org/kos/geo/188	Costa Rica
http://data.un.org/kos/geo/222	El Salvador
http://data.un.org/kos/geo/320	Guatemala
http://data.un.org/kos/geo/340	Honduras
http://data.un.org/kos/geo/484	Mexico
http://data.un.org/kos/geo/558	Nicaragua
http://data.un.org/kos/geo/591	Panama
http://data.un.org/kos/geo/32	Argentina
http://data.un.org/kos/geo/68	Bolivia (Plurinational State of)
http://data.un.org/kos/geo/74	Bouvet Island
http://data.un.org/kos/geo/76	Brazil
http://data.un.org/kos/geo/152	Chile
http://data.un.org/kos/geo/170	Colombia
http://data.un.org/kos/geo/218	Ecuador
http://data.un.org/kos/geo/238	Falkland Islands (Malvinas)
http://data.un.org/kos/geo/254	French Guiana
http://data.un.org/kos/geo/328	Guyana
http://data.un.org/kos/geo/600	Paraguay
http://data.un.org/kos/geo/604	Peru
http://data.un.org/kos/geo/239	South Georgia and the South Sandwich Islands
http://data.un.org/kos/geo/740	Suriname
http://data.un.org/kos/geo/858	Uruguay
http://data.un.org/kos/geo/862	Venezuela (Bolivarian Republic of)
http://data.un.org/kos/geo/831	Guernsey
http://data.un.org/kos/geo/832	Jersey
http://data.un.org/kos/geo/680	Sark
http://data.un.org/kos/geo/12	Algeria
http://data.un.org/kos/geo/818	Egypt
http://data.un.org/kos/geo/434	Libya
http://data.un.org/kos/geo/504	Morocco
http://data.un.org/kos/geo/729	Sudan
http://data.un.org/kos/geo/788	Tunisia
http://data.un.org/kos/geo/732	Western Sahara
http://data.un.org/kos/geo/60	Bermuda
http://data.un.org/kos/geo/124	Canada
http://data.un.org/kos/geo/304	Greenland
http://data.un.org/kos/geo/666	Saint Pierre and Miquelon
http://data.un.org/kos/geo/840	United States of America
http://data.un.org/kos/geo/10	Antarctica
http://data.un.org/kos/geo/398	Kazakhstan
http://data.un.org/kos/geo/417	Kyrgyzstan
http://data.un.org/kos/geo/762	Tajikistan
http://data.un.org/kos/geo/795	Turkmenistan
http://data.un.org/kos/geo/860	Uzbekistan
http://data.un.org/kos/geo/156	China
http://data.un.org/kos/geo/344	China, Hong Kong Special Administrative Region
http://data.un.org/kos/geo/446	China, Macao Special Administrative Region
http://data.un.org/kos/geo/408	Democratic People's Republic of Korea
http://data.un.org/kos/geo/392	Japan
http://data.un.org/kos/geo/496	Mongolia
http://data.un.org/kos/geo/410	Republic of Korea
http://data.un.org/kos/geo/96	Brunei Darussalam
http://data.un.org/kos/geo/116	Cambodia
http://data.un.org/kos/geo/360	Indonesia
http://data.un.org/kos/geo/418	Lao People's Democratic Republic
http://data.un.org/kos/geo/458	Malaysia
http://data.un.org/kos/geo/104	Myanmar
http://data.un.org/kos/geo/608	Philippines
http://data.un.org/kos/geo/702	Singapore
http://data.un.org/kos/geo/764	Thailand
http://data.un.org/kos/geo/626	Timor-Leste
http://data.un.org/kos/geo/704	Viet Nam
http://data.un.org/kos/geo/4	Afghanistan
http://data.un.org/kos/geo/50	Bangladesh
http://data.un.org/kos/geo/64	Bhutan
http://data.un.org/kos/geo/356	India
http://data.un.org/kos/geo/364	Iran (Islamic Republic of)
http://data.un.org/kos/geo/462	Maldives
http://data.un.org/kos/geo/524	Nepal
http://data.un.org/kos/geo/586	Pakistan
http://data.un.org/kos/geo/144	Sri Lanka
http://data.un.org/kos/geo/51	Armenia
http://data.un.org/kos/geo/31	Azerbaijan
http://data.un.org/kos/geo/48	Bahrain
http://data.un.org/kos/geo/196	Cyprus
http://data.un.org/kos/geo/268	Georgia
http://data.un.org/kos/geo/368	Iraq
http://data.un.org/kos/geo/376	Israel
http://data.un.org/kos/geo/400	Jordan
http://data.un.org/kos/geo/414	Kuwait
http://data.un.org/kos/geo/422	Lebanon
http://data.un.org/kos/geo/512	Oman
http://data.un.org/kos/geo/634	Qatar
http://data.un.org/kos/geo/682	Saudi Arabia
http://data.un.org/kos/geo/275	State of Palestine
http://data.un.org/kos/geo/760	Syrian Arab Republic
http://data.un.org/kos/geo/792	Turkey
http://data.un.org/kos/geo/784	United Arab Emirates
http://data.un.org/kos/geo/887	Yemen
http://data.un.org/kos/geo/112	Belarus
http://data.un.org/kos/geo/100	Bulgaria
http://data.un.org/kos/geo/203	Czechia
http://data.un.org/kos/geo/348	Hungary
http://data.un.org/kos/geo/616	Poland
http://data.un.org/kos/geo/498	Republic of Moldova
http://data.un.org/kos/geo/642	Romania
http://data.un.org/kos/geo/643	Russian Federation
http://data.un.org/kos/geo/703	Slovakia
http://data.un.org/kos/geo/804	Ukraine
http://data.un.org/kos/geo/248	Åland Islands
http://data.un.org/kos/geo/208	Denmark
http://data.un.org/kos/geo/233	Estonia
http://data.un.org/kos/geo/234	Faroe Islands
http://data.un.org/kos/geo/246	Finland
http://data.un.org/kos/geo/352	Iceland
http://data.un.org/kos/geo/372	Ireland
http://data.un.org/kos/geo/833	Isle of Man
http://data.un.org/kos/geo/428	Latvia
http://data.un.org/kos/geo/440	Lithuania
http://data.un.org/kos/geo/578	Norway
http://data.un.org/kos/geo/744	Svalbard and Jan Mayen Islands
http://data.un.org/kos/geo/752	Sweden
http://data.un.org/kos/geo/826	United Kingdom of Great Britain and Northern Ireland
http://data.un.org/kos/geo/8	Albania
http://data.un.org/kos/geo/20	Andorra
http://data.un.org/kos/geo/70	Bosnia and Herzegovina
http://data.un.org/kos/geo/191	Croatia
http://data.un.org/kos/geo/292	Gibraltar
http://data.un.org/kos/geo/300	Greece
http://data.un.org/kos/geo/336	Holy See
http://data.un.org/kos/geo/380	Italy
http://data.un.org/kos/geo/470	Malta
http://data.un.org/kos/geo/499	Montenegro
http://data.un.org/kos/geo/807	North Macedonia
http://data.un.org/kos/geo/620	Portugal
http://data.un.org/kos/geo/674	San Marino
http://data.un.org/kos/geo/688	Serbia
http://data.un.org/kos/geo/705	Slovenia
http://data.un.org/kos/geo/724	Spain
http://data.un.org/kos/geo/40	Austria
http://data.un.org/kos/geo/56	Belgium
http://data.un.org/kos/geo/250	France
http://data.un.org/kos/geo/276	Germany
http://data.un.org/kos/geo/438	Liechtenstein
http://data.un.org/kos/geo/442	Luxembourg
http://data.un.org/kos/geo/492	Monaco
http://data.un.org/kos/geo/528	Netherlands
http://data.un.org/kos/geo/756	Switzerland
http://data.un.org/kos/geo/36	Australia
http://data.un.org/kos/geo/162	Christmas Island
http://data.un.org/kos/geo/166	Cocos (Keeling) Islands
http://data.un.org/kos/geo/334	Heard Island and McDonald Islands
http://data.un.org/kos/geo/554	New Zealand
http://data.un.org/kos/geo/574	Norfolk Island
http://data.un.org/kos/geo/242	Fiji
http://data.un.org/kos/geo/540	New Caledonia
http://data.un.org/kos/geo/598	Papua New Guinea
http://data.un.org/kos/geo/90	Solomon Islands
http://data.un.org/kos/geo/548	Vanuatu
http://data.un.org/kos/geo/316	Guam
http://data.un.org/kos/geo/296	Kiribati
http://data.un.org/kos/geo/584	Marshall Islands
http://data.un.org/kos/geo/583	Micronesia (Federated States of)
http://data.un.org/kos/geo/520	Nauru
http://data.un.org/kos/geo/580	Northern Mariana Islands
http://data.un.org/kos/geo/585	Palau
http://data.un.org/kos/geo/581	United States Minor Outlying Islands
http://data.un.org/kos/geo/16	American Samoa
http://data.un.org/kos/geo/184	Cook Islands
http://data.un.org/kos/geo/258	French Polynesia
http://data.un.org/kos/geo/570	Niue
http://data.un.org/kos/geo/612	Pitcairn
http://data.un.org/kos/geo/882	Samoa
http://data.un.org/kos/geo/772	Tokelau
http://data.un.org/kos/geo/776	Tonga
http://data.un.org/kos/geo/798	Tuvalu
http://data.un.org/kos/geo/876	Wallis and Futuna Islands
http://data.un.org/kos/geo/202	Sub-Saharan Africa
http://data.un.org/kos/geo/419	Latin America and the Caribbean
http://data.un.org/kos/geo/154	Northern Europe
http://data.un.org/kos/geo/86	Британская территория в Индийском океане
http://data.un.org/kos/geo/86	Indien (le Territoire britannique de l'océan)
http://data.un.org/kos/geo/86	إقليم المحيط الهندي البريطاني
http://data.un.org/kos/geo/86	Territorio Británico del Océano Índico
http://data.un.org/kos/geo/86	Territoire britannique de l'océan Indien
http://data.un.org/kos/geo/86	英屬印度洋領地
http://data.un.org/kos/geo/108	Бурунди
http://data.un.org/kos/geo/108	بوروندي
http://data.un.org/kos/geo/108	Burundi (le)
http://data.un.org/kos/geo/108	蒲隆地
http://data.un.org/kos/geo/174	جزر القمر
http://data.un.org/kos/geo/174	Comoras
http://data.un.org/kos/geo/174	Comores
http://data.un.org/kos/geo/174	Comores (les)
http://data.un.org/kos/geo/174	葛摩
http://data.un.org/kos/geo/174	Коморы
http://data.un.org/kos/geo/262	Джибути
http://data.un.org/kos/geo/262	جيبوتي
http://data.un.org/kos/geo/262	吉布提
http://data.un.org/kos/geo/262	Yibuti
http://data.un.org/kos/geo/232	Эритрея
http://data.un.org/kos/geo/232	إريتريا
http://data.un.org/kos/geo/232	厄立特里亚
http://data.un.org/kos/geo/232	Érythrée
http://data.un.org/kos/geo/232	Érythrée (l')
http://data.un.org/kos/geo/231	Эфиопия
http://data.un.org/kos/geo/231	إثيوبيا
http://data.un.org/kos/geo/231	埃塞俄比亚
http://data.un.org/kos/geo/231	Etiopía
http://data.un.org/kos/geo/231	Éthiopie
http://data.un.org/kos/geo/231	Éthiopie (l')
http://data.un.org/kos/geo/260	Terres australes et antarctiques françaises
http://data.un.org/kos/geo/260	Terres australes françaises (les)
http://data.un.org/kos/geo/260	أراض فرنسية جنوبية وأنتارتيكية
http://data.un.org/kos/geo/260	French Southern and Antarctic Lands
http://data.un.org/kos/geo/260	Tierras Australes y Antárticas Francesas
http://data.un.org/kos/geo/260	Французские Южные и Антарктические территории
http://data.un.org/kos/geo/260	法属南部领地
http://data.un.org/kos/geo/404	Кения
http://data.un.org/kos/geo/404	كينيا
http://data.un.org/kos/geo/404	肯尼亚
http://data.un.org/kos/geo/404	Kenia
http://data.un.org/kos/geo/404	Kenya (le)
http://data.un.org/kos/geo/450	Мадагаскар
http://data.un.org/kos/geo/450	مدغشقر
http://data.un.org/kos/geo/450	马达加斯加
http://data.un.org/kos/geo/454	Малави
http://data.un.org/kos/geo/454	马拉维
http://data.un.org/kos/geo/454	مالاوي
http://data.un.org/kos/geo/454	Malawi (le)
http://data.un.org/kos/geo/454	Malaui
http://data.un.org/kos/geo/480	Маврикий
http://data.un.org/kos/geo/480	موريشيوس
http://data.un.org/kos/geo/480	毛里求斯
http://data.un.org/kos/geo/480	Mauricio
http://data.un.org/kos/geo/480	Maurice
http://data.un.org/kos/geo/175	مايوت
http://data.un.org/kos/geo/175	Майотта
http://data.un.org/kos/geo/175	马约特
http://data.un.org/kos/geo/508	Мозамбик
http://data.un.org/kos/geo/508	莫桑比克
http://data.un.org/kos/geo/508	موزمبيق
http://data.un.org/kos/geo/508	Mozambique (le)
http://data.un.org/kos/geo/638	Réunion (La)
http://data.un.org/kos/geo/638	留尼汪
http://data.un.org/kos/geo/638	La Réunion
http://data.un.org/kos/geo/638	Reunión
http://data.un.org/kos/geo/638	Реюньон
http://data.un.org/kos/geo/638	لا ريونيون
http://data.un.org/kos/geo/646	Руанда
http://data.un.org/kos/geo/646	رواندا
http://data.un.org/kos/geo/646	卢旺达
http://data.un.org/kos/geo/646	Ruanda
http://data.un.org/kos/geo/646	Rwanda (le)
http://data.un.org/kos/geo/690	Сейшельские Острова
http://data.un.org/kos/geo/690	塞舌尔
http://data.un.org/kos/geo/690	سيشل
http://data.un.org/kos/geo/690	Seychelles (les)
http://data.un.org/kos/geo/706	Сомали
http://data.un.org/kos/geo/706	الصومال
http://data.un.org/kos/geo/706	索马里
http://data.un.org/kos/geo/706	Somalie
http://data.un.org/kos/geo/706	Somalie (la)
http://data.un.org/kos/geo/728	Южный Судан
http://data.un.org/kos/geo/728	جنوب السودان
http://data.un.org/kos/geo/728	南苏丹
http://data.un.org/kos/geo/728	Sudán del Sur
http://data.un.org/kos/geo/728	Soudan du Sud
http://data.un.org/kos/geo/728	Soudan du Sud (le)
http://data.un.org/kos/geo/800	Уганда
http://data.un.org/kos/geo/800	أوغندا
http://data.un.org/kos/geo/800	乌干达
http://data.un.org/kos/geo/800	Ouganda
http://data.un.org/kos/geo/800	Ouganda (l')
http://data.un.org/kos/geo/834	Танзания
http://data.un.org/kos/geo/834	Tanzania
http://data.un.org/kos/geo/834	Tanzanie
http://data.un.org/kos/geo/834	Tanzanie, République-Unie de
http://data.un.org/kos/geo/834	坦桑尼亚
http://data.un.org/kos/geo/834	تنزانيا
http://data.un.org/kos/geo/894	Замбия
http://data.un.org/kos/geo/894	زامبيا
http://data.un.org/kos/geo/894	赞比亚
http://data.un.org/kos/geo/894	Zambie
http://data.un.org/kos/geo/894	Zambie (la)
http://data.un.org/kos/geo/716	Зимбабве
http://data.un.org/kos/geo/716	Zimbabue
http://data.un.org/kos/geo/716	Zimbabwe (le)
http://data.un.org/kos/geo/716	辛巴威
http://data.un.org/kos/geo/716	زيمبابوي
http://data.un.org/kos/geo/24	Ангола
http://data.un.org/kos/geo/24	أنغولا
http://data.un.org/kos/geo/24	安哥拉
http://data.un.org/kos/geo/24	Angola (l')
http://data.un.org/kos/geo/120	Камерун
http://data.un.org/kos/geo/120	الكاميرون
http://data.un.org/kos/geo/120	喀麦隆
http://data.un.org/kos/geo/120	Camerún
http://data.un.org/kos/geo/120	Cameroun
http://data.un.org/kos/geo/120	Cameroun (le)
http://data.un.org/kos/geo/140	Центральноафриканская Республика
http://data.un.org/kos/geo/140	جمهورية أفريقيا الوسطى
http://data.un.org/kos/geo/140	République centrafricaine
http://data.un.org/kos/geo/140	República Centroafricana
http://data.un.org/kos/geo/140	République centrafricaine (la)
http://data.un.org/kos/geo/140	中非共和國
http://data.un.org/kos/geo/148	Чад
http://data.un.org/kos/geo/148	تشاد
http://data.un.org/kos/geo/148	乍得
http://data.un.org/kos/geo/148	Tchad
http://data.un.org/kos/geo/148	Tchad (le)
http://data.un.org/kos/geo/178	Республика Конго
http://data.un.org/kos/geo/178	República del Congo
http://data.un.org/kos/geo/178	Republic of the Congo
http://data.un.org/kos/geo/178	République du Congo
http://data.un.org/kos/geo/178	Congo (le)
http://data.un.org/kos/geo/178	刚果共和国
http://data.un.org/kos/geo/178	جمهورية الكونغو
http://data.un.org/kos/geo/180	Демократическая Республика Конго
http://data.un.org/kos/geo/180	جمهورية الكونغو الديمقراطية
http://data.un.org/kos/geo/180	刚果民主共和国
http://data.un.org/kos/geo/180	República Democrática del Congo
http://data.un.org/kos/geo/180	République démocratique du Congo
http://data.un.org/kos/geo/180	Congo (la République démocratique du)
http://data.un.org/kos/geo/226	Экваториальная Гвинея
http://data.un.org/kos/geo/226	赤道几内亚
http://data.un.org/kos/geo/226	غينيا الاستوائية
http://data.un.org/kos/geo/226	Guinea Ecuatorial
http://data.un.org/kos/geo/226	Guinée équatoriale
http://data.un.org/kos/geo/226	Guinée équatoriale (la)
http://data.un.org/kos/geo/266	Габон
http://data.un.org/kos/geo/266	加蓬
http://data.un.org/kos/geo/266	Gabón
http://data.un.org/kos/geo/266	Gabon (le)
http://data.un.org/kos/geo/266	الغابون
http://data.un.org/kos/geo/678	Сан-Томе и Принсипи
http://data.un.org/kos/geo/678	圣多美和普林西比
http://data.un.org/kos/geo/678	São Tomé and Príncipe
http://data.un.org/kos/geo/678	Santo Tomé y Príncipe
http://data.un.org/kos/geo/678	Sao Tomé-et-Principe
http://data.un.org/kos/geo/678	ساو تومي وبرينسيب
http://data.un.org/kos/geo/72	Ботсвана
http://data.un.org/kos/geo/72	بوتسوانا
http://data.un.org/kos/geo/72	Botsuana
http://data.un.org/kos/geo/72	Botswana (le)
http://data.un.org/kos/geo/72	波札那
http://data.un.org/kos/geo/748	斯威士兰
http://data.un.org/kos/geo/748	Suazilandia
http://data.un.org/kos/geo/748	Eswatini (l')
http://data.un.org/kos/geo/748	إسواتيني
http://data.un.org/kos/geo/748	Эсватини
http://data.un.org/kos/geo/426	Лесото
http://data.un.org/kos/geo/426	ليسوتو
http://data.un.org/kos/geo/426	莱索托
http://data.un.org/kos/geo/426	Lesotho (le)
http://data.un.org/kos/geo/426	Lesoto
http://data.un.org/kos/geo/516	Намибия
http://data.un.org/kos/geo/516	ناميبيا
http://data.un.org/kos/geo/516	纳米比亚
http://data.un.org/kos/geo/516	Namibie
http://data.un.org/kos/geo/516	Namibie (la)
http://data.un.org/kos/geo/710	جنوب أفريقيا
http://data.un.org/kos/geo/710	南非
http://data.un.org/kos/geo/710	Sudáfrica
http://data.un.org/kos/geo/710	Afrique du Sud
http://data.un.org/kos/geo/710	Afrique du Sud (l')
http://data.un.org/kos/geo/710	ЮАР
http://data.un.org/kos/geo/204	Бенин
http://data.un.org/kos/geo/204	بنين
http://data.un.org/kos/geo/204	贝宁
http://data.un.org/kos/geo/204	Benín
http://data.un.org/kos/geo/204	Bénin
http://data.un.org/kos/geo/204	Bénin (le)
http://data.un.org/kos/geo/854	بوركينا فاسو
http://data.un.org/kos/geo/854	Буркина-Фасо
http://data.un.org/kos/geo/854	Burkina Faso (le)
http://data.un.org/kos/geo/854	布吉納法索
http://data.un.org/kos/geo/132	Кабо-Верде
http://data.un.org/kos/geo/132	الرأس الأخضر
http://data.un.org/kos/geo/132	佛得角
http://data.un.org/kos/geo/132	Cape Verde
http://data.un.org/kos/geo/132	Cap-Vert
http://data.un.org/kos/geo/384	科特迪瓦
http://data.un.org/kos/geo/384	ساحل العاج
http://data.un.org/kos/geo/384	Ivory Coast
http://data.un.org/kos/geo/384	Costa de Marfil
http://data.un.org/kos/geo/384	Côte d'Ivoire
http://data.un.org/kos/geo/384	Côte d'Ivoire (la)
http://data.un.org/kos/geo/384	Кот-д’Ивуар
http://data.un.org/kos/geo/270	Гамбия
http://data.un.org/kos/geo/270	غامبيا
http://data.un.org/kos/geo/270	冈比亚
http://data.un.org/kos/geo/270	Gambie
http://data.un.org/kos/geo/270	Gambie (la)
http://data.un.org/kos/geo/288	Гана
http://data.un.org/kos/geo/288	غانا
http://data.un.org/kos/geo/288	Ghana (le)
http://data.un.org/kos/geo/288	迦納
http://data.un.org/kos/geo/324	Гвинея
http://data.un.org/kos/geo/324	غينيا
http://data.un.org/kos/geo/324	几内亚
http://data.un.org/kos/geo/324	Guinée
http://data.un.org/kos/geo/324	Guinée (la)
http://data.un.org/kos/geo/624	Гвинея-Бисау
http://data.un.org/kos/geo/624	غينيا بيساو
http://data.un.org/kos/geo/624	Guinée-Bissau
http://data.un.org/kos/geo/624	Guinée-Bissau (la)
http://data.un.org/kos/geo/624	幾內亞比索
http://data.un.org/kos/geo/624	Guinea-Bisáu
http://data.un.org/kos/geo/430	Либерия
http://data.un.org/kos/geo/430	利比里亚
http://data.un.org/kos/geo/430	ليبيريا
http://data.un.org/kos/geo/430	Libéria (le)
http://data.un.org/kos/geo/466	Мали
http://data.un.org/kos/geo/466	مالي
http://data.un.org/kos/geo/466	Malí
http://data.un.org/kos/geo/466	Mali (le)
http://data.un.org/kos/geo/466	马里共和国
http://data.un.org/kos/geo/478	Мавритания
http://data.un.org/kos/geo/478	موريتانيا
http://data.un.org/kos/geo/478	毛里塔尼亚
http://data.un.org/kos/geo/478	Mauritanie
http://data.un.org/kos/geo/478	Mauritanie (la)
http://data.un.org/kos/geo/562	Нигер
http://data.un.org/kos/geo/562	النيجر
http://data.un.org/kos/geo/562	尼日尔
http://data.un.org/kos/geo/562	Níger
http://data.un.org/kos/geo/562	Niger (le)
http://data.un.org/kos/geo/566	Нигерия
http://data.un.org/kos/geo/566	نيجيريا
http://data.un.org/kos/geo/566	Nigéria (le)
http://data.un.org/kos/geo/566	奈及利亞
http://data.un.org/kos/geo/654	Sainte-Hélène, Ascension et Tristan da Cunha
http://data.un.org/kos/geo/654	Saint Helena, Ascension and Tristan da Cunha
http://data.un.org/kos/geo/654	سانت هيلانة وأسينشين وتريستان دا كونا
http://data.un.org/kos/geo/654	Santa Elena, Ascensión y Tristán de Acuña
http://data.un.org/kos/geo/654	Острова Святой Елены, Вознесения и Тристан-да-Кунья
http://data.un.org/kos/geo/654	圣赫勒拿、阿森松与特里斯坦达库尼亚
http://data.un.org/kos/geo/686	Сенегал
http://data.un.org/kos/geo/686	السنغال
http://data.un.org/kos/geo/686	塞内加尔
http://data.un.org/kos/geo/686	Sénégal
http://data.un.org/kos/geo/686	Sénégal (le)
http://data.un.org/kos/geo/694	Сьерра-Леоне
http://data.un.org/kos/geo/694	سيراليون
http://data.un.org/kos/geo/694	塞拉利昂
http://data.un.org/kos/geo/694	Sierra Leona
http://data.un.org/kos/geo/694	Sierra Leone (la)
http://data.un.org/kos/geo/768	Того
http://data.un.org/kos/geo/768	توغو
http://data.un.org/kos/geo/768	多哥
http://data.un.org/kos/geo/768	Togo (le)
http://data.un.org/kos/geo/660	Ангилья
http://data.un.org/kos/geo/660	安圭拉
http://data.un.org/kos/geo/660	Anguila
http://data.un.org/kos/geo/660	أنغويلا
http://data.un.org/kos/geo/28	Антигуа и Барбуда
http://data.un.org/kos/geo/28	安提瓜和巴布达
http://data.un.org/kos/geo/28	Antigua y Barbuda
http://data.un.org/kos/geo/28	Antigua-et-Barbuda
http://data.un.org/kos/geo/28	أنتيغوا وباربودا
http://data.un.org/kos/geo/533	Аруба
http://data.un.org/kos/geo/533	أروبا
http://data.un.org/kos/geo/533	阿魯巴
http://data.un.org/kos/geo/44	Багамские Острова
http://data.un.org/kos/geo/44	巴哈马
http://data.un.org/kos/geo/44	Bahamas (les)
http://data.un.org/kos/geo/44	باهاماس
http://data.un.org/kos/geo/52	Барбадос
http://data.un.org/kos/geo/52	巴巴多斯
http://data.un.org/kos/geo/52	Barbade
http://data.un.org/kos/geo/52	Barbade (la)
http://data.un.org/kos/geo/52	باربادوس
http://data.un.org/kos/geo/535	Caribbean Netherlands
http://data.un.org/kos/geo/535	Pays-Bas caribéens
http://data.un.org/kos/geo/535	Bonaire, Saint-Eustache et Saba
http://data.un.org/kos/geo/535	الجزر الكاريبية الهولندية
http://data.un.org/kos/geo/535	Бонэйр, Синт-Эстатиус и Саба
http://data.un.org/kos/geo/535	荷蘭加勒比區
http://data.un.org/kos/geo/535	Caribe neerlandés
http://data.un.org/kos/geo/92	Британские Виргинские острова
http://data.un.org/kos/geo/92	Islas Vírgenes Británicas
http://data.un.org/kos/geo/92	Vierges britanniques (les Îles)
http://data.un.org/kos/geo/92	英屬維爾京群島
http://data.un.org/kos/geo/92	جزر العذراء البريطانية
http://data.un.org/kos/geo/92	îles Vierges britanniques
http://data.un.org/kos/geo/136	جزر كايمان
http://data.un.org/kos/geo/136	Islas Caimán
http://data.un.org/kos/geo/136	Caïmans (les Îles)
http://data.un.org/kos/geo/136	開曼群島
http://data.un.org/kos/geo/136	îles Caïmans
http://data.un.org/kos/geo/136	острова Кайман
http://data.un.org/kos/geo/192	Куба
http://data.un.org/kos/geo/192	كوبا
http://data.un.org/kos/geo/192	古巴
http://data.un.org/kos/geo/531	كوراساو
http://data.un.org/kos/geo/531	Curazao
http://data.un.org/kos/geo/531	Кюрасао
http://data.un.org/kos/geo/531	库拉索
http://data.un.org/kos/geo/212	Доминика
http://data.un.org/kos/geo/212	دومينيكا
http://data.un.org/kos/geo/212	Dominique
http://data.un.org/kos/geo/212	Dominique (la)
http://data.un.org/kos/geo/212	多米尼克
http://data.un.org/kos/geo/214	Доминиканская Республика
http://data.un.org/kos/geo/214	جمهورية الدومينيكان
http://data.un.org/kos/geo/214	República Dominicana
http://data.un.org/kos/geo/214	République dominicaine
http://data.un.org/kos/geo/214	dominicaine (la République)
http://data.un.org/kos/geo/214	多明尼加
http://data.un.org/kos/geo/308	Гренада
http://data.un.org/kos/geo/308	غرينادا
http://data.un.org/kos/geo/308	格林纳达
http://data.un.org/kos/geo/308	Granada
http://data.un.org/kos/geo/308	Grenade
http://data.un.org/kos/geo/308	Grenade (la)
http://data.un.org/kos/geo/312	Guadalupe
http://data.un.org/kos/geo/312	Guadeloupe (la)
http://data.un.org/kos/geo/312	Гваделупа
http://data.un.org/kos/geo/312	غوادلوب
http://data.un.org/kos/geo/312	瓜德罗普
http://data.un.org/kos/geo/332	هايتي
http://data.un.org/kos/geo/332	海地
http://data.un.org/kos/geo/332	Haití
http://data.un.org/kos/geo/332	Haïti
http://data.un.org/kos/geo/332	Республика Гаити
http://data.un.org/kos/geo/388	Ямайка
http://data.un.org/kos/geo/388	جامايكا
http://data.un.org/kos/geo/388	牙买加
http://data.un.org/kos/geo/388	Jamaïque
http://data.un.org/kos/geo/388	Jamaïque (la)
http://data.un.org/kos/geo/474	Martinica
http://data.un.org/kos/geo/474	Martinique (la)
http://data.un.org/kos/geo/474	مارتينيك
http://data.un.org/kos/geo/474	Мартиника
http://data.un.org/kos/geo/474	馬提尼克
http://data.un.org/kos/geo/500	Монтсеррат
http://data.un.org/kos/geo/500	مونتسرات
http://data.un.org/kos/geo/500	蒙塞拉特島
http://data.un.org/kos/geo/630	Пуэрто-Рико
http://data.un.org/kos/geo/630	بورتوريكو
http://data.un.org/kos/geo/630	波多黎各
http://data.un.org/kos/geo/630	Porto Rico
http://data.un.org/kos/geo/652	San Bartolomé
http://data.un.org/kos/geo/652	Saint-Barthélemy
http://data.un.org/kos/geo/652	سان بارتيلمي
http://data.un.org/kos/geo/652	Сен-Бартелеми
http://data.un.org/kos/geo/652	聖巴泰勒米島
http://data.un.org/kos/geo/659	Сент-Китс и Невис
http://data.un.org/kos/geo/659	Saint-Kitts-et-Nevis
http://data.un.org/kos/geo/659	San Cristóbal y Nieves
http://data.un.org/kos/geo/659	سانت كيتس ونيفيس
http://data.un.org/kos/geo/659	Saint-Christophe-et-Niévès
http://data.un.org/kos/geo/659	聖克里斯多福與尼維斯
http://data.un.org/kos/geo/662	Сент-Люсия
http://data.un.org/kos/geo/662	سانت لوسيا
http://data.un.org/kos/geo/662	圣卢西亚
http://data.un.org/kos/geo/662	Santa Lucía
http://data.un.org/kos/geo/662	Sainte-Lucie
http://data.un.org/kos/geo/663	Saint Martin
http://data.un.org/kos/geo/663	Saint-Martin
http://data.un.org/kos/geo/663	Saint-Martin (partie française)
http://data.un.org/kos/geo/663	تجمع سان مارتين
http://data.un.org/kos/geo/663	法屬聖馬丁
http://data.un.org/kos/geo/663	San Martín
http://data.un.org/kos/geo/663	Сен-Мартен
http://data.un.org/kos/geo/670	Сент-Винсент и Гренадины
http://data.un.org/kos/geo/670	圣文森特和格林纳丁斯
http://data.un.org/kos/geo/670	San Vicente y las Granadinas
http://data.un.org/kos/geo/670	Saint-Vincent-et-les-Grenadines
http://data.un.org/kos/geo/670	Saint-Vincent-et-les Grenadines
http://data.un.org/kos/geo/670	سانت فينسنت والغرينادين
http://data.un.org/kos/geo/534	Синт-Мартен
http://data.un.org/kos/geo/534	Saint-Martin
http://data.un.org/kos/geo/534	Sint Maarten
http://data.un.org/kos/geo/534	Saint-Martin (partie néerlandaise)
http://data.un.org/kos/geo/534	سينت مارتن
http://data.un.org/kos/geo/534	荷屬聖馬丁
http://data.un.org/kos/geo/780	Тринидад и Тобаго
http://data.un.org/kos/geo/780	Trinidad y Tobago
http://data.un.org/kos/geo/780	Trinité-et-Tobago
http://data.un.org/kos/geo/780	Trinité-et-Tobago (la)
http://data.un.org/kos/geo/780	ترينيداد وتوباغو
http://data.un.org/kos/geo/780	千里達及托巴哥
http://data.un.org/kos/geo/796	特克斯和凯科斯群岛
http://data.un.org/kos/geo/796	Islas Turcas y Caicos
http://data.un.org/kos/geo/796	Turks-et-Caïcos (les Îles)
http://data.un.org/kos/geo/796	جزر توركس وكايكوس
http://data.un.org/kos/geo/796	îles Turques-et-Caïques
http://data.un.org/kos/geo/796	Тёркс и Кайкос
http://data.un.org/kos/geo/850	Islas Vírgenes de los Estados Unidos
http://data.un.org/kos/geo/850	Vierges des États-Unis (les Îles)
http://data.un.org/kos/geo/850	جزر العذراء الأمريكية
http://data.un.org/kos/geo/850	îles Vierges des États-Unis
http://data.un.org/kos/geo/850	Американские Виргинские острова
http://data.un.org/kos/geo/850	美屬維爾京群島
http://data.un.org/kos/geo/84	Белиз
http://data.un.org/kos/geo/84	بليز
http://data.un.org/kos/geo/84	伯利兹
http://data.un.org/kos/geo/84	Belice
http://data.un.org/kos/geo/84	Belize (le)
http://data.un.org/kos/geo/188	Коста-Рика
http://data.un.org/kos/geo/188	كوستاريكا
http://data.un.org/kos/geo/188	哥斯达黎加
http://data.un.org/kos/geo/188	Costa Rica (le)
http://data.un.org/kos/geo/222	Сальвадор
http://data.un.org/kos/geo/222	السلفادور
http://data.un.org/kos/geo/222	萨尔瓦多
http://data.un.org/kos/geo/222	Salvador
http://data.un.org/kos/geo/320	Гватемала
http://data.un.org/kos/geo/320	غواتيمالا
http://data.un.org/kos/geo/320	危地马拉
http://data.un.org/kos/geo/320	Guatemala (le)
http://data.un.org/kos/geo/340	Гондурас
http://data.un.org/kos/geo/340	هندوراس
http://data.un.org/kos/geo/340	洪都拉斯
http://data.un.org/kos/geo/340	Honduras (le)
http://data.un.org/kos/geo/484	Мексика
http://data.un.org/kos/geo/484	المكسيك
http://data.un.org/kos/geo/484	墨西哥
http://data.un.org/kos/geo/484	México
http://data.un.org/kos/geo/484	Mexique
http://data.un.org/kos/geo/484	Mexique (le)
http://data.un.org/kos/geo/558	Никарагуа
http://data.un.org/kos/geo/558	نيكاراغوا
http://data.un.org/kos/geo/558	尼加拉瓜
http://data.un.org/kos/geo/558	Nicaragua (le)
http://data.un.org/kos/geo/591	Панама
http://data.un.org/kos/geo/591	بنما
http://data.un.org/kos/geo/591	巴拿马
http://data.un.org/kos/geo/591	Panamá
http://data.un.org/kos/geo/591	Panama (le)
http://data.un.org/kos/geo/32	Аргентина
http://data.un.org/kos/geo/32	الأرجنتين
http://data.un.org/kos/geo/32	阿根廷
http://data.un.org/kos/geo/32	Argentine
http://data.un.org/kos/geo/32	Argentine (l')
http://data.un.org/kos/geo/68	بوليفيا
http://data.un.org/kos/geo/68	Боливия
http://data.un.org/kos/geo/68	Bolivia
http://data.un.org/kos/geo/68	Bolivie
http://data.un.org/kos/geo/68	Bolivie (État plurinational de)
http://data.un.org/kos/geo/68	玻利維亞
http://data.un.org/kos/geo/74	Bouvet (l'Île)
http://data.un.org/kos/geo/74	جزيرة بوفيه
http://data.un.org/kos/geo/74	Isla Bouvet
http://data.un.org/kos/geo/74	île Bouvet
http://data.un.org/kos/geo/74	Остров Буве
http://data.un.org/kos/geo/74	布韦岛
http://data.un.org/kos/geo/76	Бразилия
http://data.un.org/kos/geo/76	البرازيل
http://data.un.org/kos/geo/76	巴西
http://data.un.org/kos/geo/76	Brasil
http://data.un.org/kos/geo/76	Brésil
http://data.un.org/kos/geo/76	Brésil (le)
http://data.un.org/kos/geo/152	Чили
http://data.un.org/kos/geo/152	智利
http://data.un.org/kos/geo/152	تشيلي
http://data.un.org/kos/geo/152	Chili
http://data.un.org/kos/geo/152	Chili (le)
http://data.un.org/kos/geo/170	Колумбия
http://data.un.org/kos/geo/170	كولومبيا
http://data.un.org/kos/geo/170	哥伦比亚
http://data.un.org/kos/geo/170	Colombie
http://data.un.org/kos/geo/170	Colombie (la)
http://data.un.org/kos/geo/218	Эквадор
http://data.un.org/kos/geo/218	厄瓜多尔
http://data.un.org/kos/geo/218	Équateur
http://data.un.org/kos/geo/218	Équateur (l')
http://data.un.org/kos/geo/218	الإكوادور
http://data.un.org/kos/geo/238	福克兰群岛
http://data.un.org/kos/geo/238	Islas Malvinas
http://data.un.org/kos/geo/238	Falkland Islands
http://data.un.org/kos/geo/238	Falkland (les Îles)/Malouines (les Îles)
http://data.un.org/kos/geo/238	Фолклендские острова
http://data.un.org/kos/geo/238	جزر فوكلاند
http://data.un.org/kos/geo/238	îles Malouines
http://data.un.org/kos/geo/254	Французская Гвиана
http://data.un.org/kos/geo/254	غويانا الفرنسية
http://data.un.org/kos/geo/254	Guayana Francesa
http://data.un.org/kos/geo/254	Guyane française (la )
http://data.un.org/kos/geo/254	Guyane
http://data.un.org/kos/geo/254	法屬圭亞那
http://data.un.org/kos/geo/328	Гайана
http://data.un.org/kos/geo/328	غيانا
http://data.un.org/kos/geo/328	圭亚那
http://data.un.org/kos/geo/328	Guyana (le)
http://data.un.org/kos/geo/600	Парагвай
http://data.un.org/kos/geo/600	باراغواي
http://data.un.org/kos/geo/600	巴拉圭
http://data.un.org/kos/geo/600	Paraguay (le)
http://data.un.org/kos/geo/604	Перу
http://data.un.org/kos/geo/604	بيرو
http://data.un.org/kos/geo/604	秘鲁
http://data.un.org/kos/geo/604	Perú
http://data.un.org/kos/geo/604	Pérou
http://data.un.org/kos/geo/604	Pérou (le)
http://data.un.org/kos/geo/239	Géorgie du Sud-et-les Îles Sandwich du Sud (la)
http://data.un.org/kos/geo/239	جورجيا الجنوبية وجزر ساندويتش الجنوبية
http://data.un.org/kos/geo/239	Islas Georgias del Sur y Sándwich del Sur
http://data.un.org/kos/geo/239	Géorgie du Sud-et-les Îles Sandwich du Sud
http://data.un.org/kos/geo/239	Южная Георгия и Южные Сандвичевы острова
http://data.un.org/kos/geo/239	南喬治亞島與南桑威奇群島
http://data.un.org/kos/geo/740	Суринам
http://data.un.org/kos/geo/740	سورينام
http://data.un.org/kos/geo/740	Surinam
http://data.un.org/kos/geo/740	Suriname (le)
http://data.un.org/kos/geo/740	蘇利南
http://data.un.org/kos/geo/858	Уругвай
http://data.un.org/kos/geo/858	乌拉圭
http://data.un.org/kos/geo/858	Uruguay (l')
http://data.un.org/kos/geo/858	الأوروغواي
http://data.un.org/kos/geo/862	Венесуэла
http://data.un.org/kos/geo/862	Venezuela
http://data.un.org/kos/geo/862	Venezuela (République bolivarienne du)
http://data.un.org/kos/geo/862	委內瑞拉
http://data.un.org/kos/geo/862	فنزويلا
http://data.un.org/kos/geo/831	Guernesey
http://data.un.org/kos/geo/831	Гернси
http://data.un.org/kos/geo/831	غيرنزي
http://data.un.org/kos/geo/831	根西
http://data.un.org/kos/geo/832	Джерси
http://data.un.org/kos/geo/832	جيرزي
http://data.un.org/kos/geo/832	澤西島
http://data.un.org/kos/geo/12	Алжир
http://data.un.org/kos/geo/12	الجزائر
http://data.un.org/kos/geo/12	阿尔及利亚
http://data.un.org/kos/geo/12	Argelia
http://data.un.org/kos/geo/12	Algérie
http://data.un.org/kos/geo/12	Algérie (l')
http://data.un.org/kos/geo/818	Египет
http://data.un.org/kos/geo/818	مصر
http://data.un.org/kos/geo/818	埃及
http://data.un.org/kos/geo/818	Egipto
http://data.un.org/kos/geo/818	Égypte
http://data.un.org/kos/geo/818	Égypte (l')
http://data.un.org/kos/geo/434	Ливия
http://data.un.org/kos/geo/434	ليبيا
http://data.un.org/kos/geo/434	利比亚
http://data.un.org/kos/geo/434	Libia
http://data.un.org/kos/geo/434	Libye
http://data.un.org/kos/geo/434	Libye (la)
http://data.un.org/kos/geo/504	Марокко
http://data.un.org/kos/geo/504	المغرب
http://data.un.org/kos/geo/504	摩洛哥
http://data.un.org/kos/geo/504	Marruecos
http://data.un.org/kos/geo/504	Maroc
http://data.un.org/kos/geo/504	Maroc (le)
http://data.un.org/kos/geo/729	Судан
http://data.un.org/kos/geo/729	السودان
http://data.un.org/kos/geo/729	苏丹
http://data.un.org/kos/geo/729	Sudán
http://data.un.org/kos/geo/729	Soudan
http://data.un.org/kos/geo/729	Soudan (le)
http://data.un.org/kos/geo/788	Тунис
http://data.un.org/kos/geo/788	تونس
http://data.un.org/kos/geo/788	Túnez
http://data.un.org/kos/geo/788	Tunisie
http://data.un.org/kos/geo/788	Tunisie (la)
http://data.un.org/kos/geo/788	突尼西亞
http://data.un.org/kos/geo/732	Западная Сахара
http://data.un.org/kos/geo/732	الصحراء الغربية
http://data.un.org/kos/geo/732	西撒哈拉
http://data.un.org/kos/geo/732	Sahara occidental
http://data.un.org/kos/geo/732	Sahara occidental (le)*
http://data.un.org/kos/geo/732	Sahara Occidental
http://data.un.org/kos/geo/732	الجمهورية العربية الصحراوية الديمقراطية
http://data.un.org/kos/geo/732	Sahrawi Arab Democratic Republic
http://data.un.org/kos/geo/732	República Árabe Saharaui Democrática
http://data.un.org/kos/geo/732	République sahraouie
http://data.un.org/kos/geo/732	Сахарская Арабская Демократическая Республика
http://data.un.org/kos/geo/732	撒拉威阿拉伯民主共和國
http://data.un.org/kos/geo/60	برمودا
http://data.un.org/kos/geo/60	百慕大
http://data.un.org/kos/geo/60	Bermudas
http://data.un.org/kos/geo/60	Bermudes
http://data.un.org/kos/geo/60	Bermudes (les)
http://data.un.org/kos/geo/60	Бермудские Острова
http://data.un.org/kos/geo/124	Канада
http://data.un.org/kos/geo/124	كندا
http://data.un.org/kos/geo/124	加拿大
http://data.un.org/kos/geo/124	Canadá
http://data.un.org/kos/geo/124	Canada (le)
http://data.un.org/kos/geo/304	Groenlandia
http://data.un.org/kos/geo/304	Groenland
http://data.un.org/kos/geo/304	Groenland (le)
http://data.un.org/kos/geo/304	Гренландия
http://data.un.org/kos/geo/304	جرينلاند
http://data.un.org/kos/geo/304	格陵兰
http://data.un.org/kos/geo/666	San Pedro y Miquelón
http://data.un.org/kos/geo/666	Saint-Pierre-et-Miquelon
http://data.un.org/kos/geo/666	سان بيير وميكلون
http://data.un.org/kos/geo/666	Сен-Пьер и Микелон
http://data.un.org/kos/geo/666	圣皮埃尔和密克隆
http://data.un.org/kos/geo/840	الولايات المتحدة
http://data.un.org/kos/geo/840	美国
http://data.un.org/kos/geo/840	США
http://data.un.org/kos/geo/840	Estados Unidos
http://data.un.org/kos/geo/840	États-Unis
http://data.un.org/kos/geo/840	États-Unis d'Amérique (les)
http://data.un.org/kos/geo/10	Antarctique (l')
http://data.un.org/kos/geo/10	منطقة معاهدة القطب الجنوبي
http://data.un.org/kos/geo/10	Antarctic Treaty area
http://data.un.org/kos/geo/10	Región del Tratado Antártico
http://data.un.org/kos/geo/10	région du Traité sur l'Antarctique
http://data.un.org/kos/geo/10	Территория Антарктического договора
http://data.un.org/kos/geo/398	Казахстан
http://data.un.org/kos/geo/398	كازاخستان
http://data.un.org/kos/geo/398	哈萨克斯坦
http://data.un.org/kos/geo/398	Kazakhstan (le)
http://data.un.org/kos/geo/398	Kazajistán
http://data.un.org/kos/geo/417	قيرغيزستان
http://data.un.org/kos/geo/417	吉尔吉斯斯坦
http://data.un.org/kos/geo/417	Киргизия
http://data.un.org/kos/geo/417	Kirguistán
http://data.un.org/kos/geo/417	Kirghizistan (le)
http://data.un.org/kos/geo/417	Kirghizistan
http://data.un.org/kos/geo/762	Таджикистан
http://data.un.org/kos/geo/762	طاجيكستان
http://data.un.org/kos/geo/762	塔吉克斯坦
http://data.un.org/kos/geo/762	Tadjikistan
http://data.un.org/kos/geo/762	Tayikistán
http://data.un.org/kos/geo/762	Tadjikistan (le)
http://data.un.org/kos/geo/795	تركمانستان
http://data.un.org/kos/geo/795	土库曼斯坦
http://data.un.org/kos/geo/795	Туркмения
http://data.un.org/kos/geo/795	Turkmenistán
http://data.un.org/kos/geo/795	Turkménistan
http://data.un.org/kos/geo/795	Turkménistan (le)
http://data.un.org/kos/geo/860	Узбекистан
http://data.un.org/kos/geo/860	أوزبكستان
http://data.un.org/kos/geo/860	乌兹别克斯坦
http://data.un.org/kos/geo/860	Uzbekistán
http://data.un.org/kos/geo/860	Ouzbékistan
http://data.un.org/kos/geo/860	Ouzbékistan (l')
http://data.un.org/kos/geo/156	الصين
http://data.un.org/kos/geo/156	República Popular China
http://data.un.org/kos/geo/156	Chine
http://data.un.org/kos/geo/156	Chine (la)
http://data.un.org/kos/geo/156	People's Republic of China
http://data.un.org/kos/geo/156	Китайская Народная Республика
http://data.un.org/kos/geo/156	中华人民共和国
http://data.un.org/kos/geo/344	Гонконг
http://data.un.org/kos/geo/344	هونغ كونغ
http://data.un.org/kos/geo/344	香港
http://data.un.org/kos/geo/344	Hong Kong
http://data.un.org/kos/geo/446	Макао
http://data.un.org/kos/geo/446	ماكاو
http://data.un.org/kos/geo/446	Macao
http://data.un.org/kos/geo/446	Macau
http://data.un.org/kos/geo/446	澳門
http://data.un.org/kos/geo/408	朝鲜民主主义人民共和国
http://data.un.org/kos/geo/408	КНДР
http://data.un.org/kos/geo/408	North Korea
http://data.un.org/kos/geo/408	Corea del Norte
http://data.un.org/kos/geo/408	Corée du Nord
http://data.un.org/kos/geo/408	Corée (la République populaire démocratique de)
http://data.un.org/kos/geo/408	كوريا الشمالية
http://data.un.org/kos/geo/392	Япония
http://data.un.org/kos/geo/392	اليابان
http://data.un.org/kos/geo/392	日本
http://data.un.org/kos/geo/392	Japón
http://data.un.org/kos/geo/392	Japon
http://data.un.org/kos/geo/392	Japon (le)
http://data.un.org/kos/geo/496	Монголия
http://data.un.org/kos/geo/496	منغوليا
http://data.un.org/kos/geo/496	Mongolie
http://data.un.org/kos/geo/496	Mongolie (la)
http://data.un.org/kos/geo/496	蒙古国
http://data.un.org/kos/geo/410	Республика Корея
http://data.un.org/kos/geo/410	大韩民国
http://data.un.org/kos/geo/410	South Korea
http://data.un.org/kos/geo/410	Corea del Sur
http://data.un.org/kos/geo/410	Corée du Sud
http://data.un.org/kos/geo/410	Corée (la République de)
http://data.un.org/kos/geo/410	كوريا الجنوبية
http://data.un.org/kos/geo/96	Brunei
http://data.un.org/kos/geo/96	Brunéi
http://data.un.org/kos/geo/96	Brunéi Darussalam (le)
http://data.un.org/kos/geo/96	Бруней
http://data.un.org/kos/geo/96	بروناي
http://data.un.org/kos/geo/96	文莱
http://data.un.org/kos/geo/116	Камбоджа
http://data.un.org/kos/geo/116	كمبوديا
http://data.un.org/kos/geo/116	柬埔寨
http://data.un.org/kos/geo/116	Camboya
http://data.un.org/kos/geo/116	Cambodge
http://data.un.org/kos/geo/116	Cambodge (le)
http://data.un.org/kos/geo/360	Индонезия
http://data.un.org/kos/geo/360	إندونيسيا
http://data.un.org/kos/geo/360	印度尼西亚
http://data.un.org/kos/geo/360	Indonésie
http://data.un.org/kos/geo/360	Indonésie (l')
http://data.un.org/kos/geo/418	Laos
http://data.un.org/kos/geo/418	Lao, République démocratique populaire
http://data.un.org/kos/geo/418	Лаос
http://data.un.org/kos/geo/418	لاوس
http://data.un.org/kos/geo/418	老挝
http://data.un.org/kos/geo/458	Малайзия
http://data.un.org/kos/geo/458	ماليزيا
http://data.un.org/kos/geo/458	马来西亚
http://data.un.org/kos/geo/458	Malasia
http://data.un.org/kos/geo/458	Malaisie
http://data.un.org/kos/geo/458	Malaisie (la)
http://data.un.org/kos/geo/104	Мьянма
http://data.un.org/kos/geo/104	ميانمار
http://data.un.org/kos/geo/104	缅甸
http://data.un.org/kos/geo/104	Birmania
http://data.un.org/kos/geo/104	Birmanie
http://data.un.org/kos/geo/104	Myanmar (le)
http://data.un.org/kos/geo/608	Филиппины
http://data.un.org/kos/geo/608	الفلبين
http://data.un.org/kos/geo/608	菲律宾
http://data.un.org/kos/geo/608	Filipinas
http://data.un.org/kos/geo/608	Philippines (les)
http://data.un.org/kos/geo/702	Сингапур
http://data.un.org/kos/geo/702	سنغافورة
http://data.un.org/kos/geo/702	新加坡
http://data.un.org/kos/geo/702	Singapur
http://data.un.org/kos/geo/702	Singapour
http://data.un.org/kos/geo/764	Таиланд
http://data.un.org/kos/geo/764	تايلاند
http://data.un.org/kos/geo/764	泰国
http://data.un.org/kos/geo/764	Tailandia
http://data.un.org/kos/geo/764	Thaïlande
http://data.un.org/kos/geo/764	Thaïlande (la)
http://data.un.org/kos/geo/626	تيمور الشرقية
http://data.un.org/kos/geo/626	东帝汶
http://data.un.org/kos/geo/626	Восточный Тимор
http://data.un.org/kos/geo/626	Timor oriental
http://data.un.org/kos/geo/626	East Timor
http://data.un.org/kos/geo/626	Timor Oriental
http://data.un.org/kos/geo/626	Timor-Leste (le)
http://data.un.org/kos/geo/704	Вьетнам
http://data.un.org/kos/geo/704	越南
http://data.un.org/kos/geo/704	Vietnam
http://data.un.org/kos/geo/704	Viêt Nam
http://data.un.org/kos/geo/704	Viet Nam (le)
http://data.un.org/kos/geo/704	فيتنام
http://data.un.org/kos/geo/4	Афганистан
http://data.un.org/kos/geo/4	أفغانستان
http://data.un.org/kos/geo/4	阿富汗
http://data.un.org/kos/geo/4	Afganistán
http://data.un.org/kos/geo/4	Afghanistan (l')
http://data.un.org/kos/geo/50	Бангладеш
http://data.un.org/kos/geo/50	Bangladesh (le)
http://data.un.org/kos/geo/50	Bangladés
http://data.un.org/kos/geo/50	بنغلاديش
http://data.un.org/kos/geo/50	孟加拉国
http://data.un.org/kos/geo/64	Бутан
http://data.un.org/kos/geo/64	بوتان
http://data.un.org/kos/geo/64	不丹
http://data.un.org/kos/geo/64	Bhoutan
http://data.un.org/kos/geo/64	Bhoutan (le)
http://data.un.org/kos/geo/64	Bután
http://data.un.org/kos/geo/356	Индия
http://data.un.org/kos/geo/356	الهند
http://data.un.org/kos/geo/356	印度
http://data.un.org/kos/geo/356	Inde
http://data.un.org/kos/geo/356	Inde (l')
http://data.un.org/kos/geo/364	Iran
http://data.un.org/kos/geo/364	Irán
http://data.un.org/kos/geo/364	Iran (République Islamique d')
http://data.un.org/kos/geo/364	伊朗
http://data.un.org/kos/geo/364	Иран
http://data.un.org/kos/geo/364	إيران
http://data.un.org/kos/geo/462	马尔代夫
http://data.un.org/kos/geo/462	Maldivas
http://data.un.org/kos/geo/462	Maldives (les)
http://data.un.org/kos/geo/462	Мальдивы
http://data.un.org/kos/geo/462	المالديف
http://data.un.org/kos/geo/524	Непал
http://data.un.org/kos/geo/524	نيبال
http://data.un.org/kos/geo/524	尼泊尔
http://data.un.org/kos/geo/524	Népal
http://data.un.org/kos/geo/524	Népal (le)
http://data.un.org/kos/geo/586	Пакистан
http://data.un.org/kos/geo/586	باكستان
http://data.un.org/kos/geo/586	巴基斯坦
http://data.un.org/kos/geo/586	Pakistán
http://data.un.org/kos/geo/586	Pakistan (le)
http://data.un.org/kos/geo/144	Шри-Ланка
http://data.un.org/kos/geo/144	سريلانكا
http://data.un.org/kos/geo/144	斯里蘭卡
http://data.un.org/kos/geo/51	Армения
http://data.un.org/kos/geo/51	أرمينيا
http://data.un.org/kos/geo/51	Arménie
http://data.un.org/kos/geo/51	Arménie (l')
http://data.un.org/kos/geo/51	亞美尼亞
http://data.un.org/kos/geo/31	Азербайджан
http://data.un.org/kos/geo/31	أذربيجان
http://data.un.org/kos/geo/31	阿塞拜疆
http://data.un.org/kos/geo/31	Azerbaiyán
http://data.un.org/kos/geo/31	Azerbaïdjan
http://data.un.org/kos/geo/31	Azerbaïdjan (l')
http://data.un.org/kos/geo/48	Бахрейн
http://data.un.org/kos/geo/48	البحرين
http://data.un.org/kos/geo/48	巴林
http://data.un.org/kos/geo/48	Bahreïn
http://data.un.org/kos/geo/48	Baréin
http://data.un.org/kos/geo/196	Кипр
http://data.un.org/kos/geo/196	قبرص
http://data.un.org/kos/geo/196	Chipre
http://data.un.org/kos/geo/196	Chypre
http://data.un.org/kos/geo/196	賽普勒斯
http://data.un.org/kos/geo/268	Грузия
http://data.un.org/kos/geo/268	جورجيا
http://data.un.org/kos/geo/268	格鲁吉亚
http://data.un.org/kos/geo/268	Géorgie
http://data.un.org/kos/geo/268	Géorgie (la)
http://data.un.org/kos/geo/368	Ирак
http://data.un.org/kos/geo/368	العراق
http://data.un.org/kos/geo/368	伊拉克
http://data.un.org/kos/geo/368	Irak
http://data.un.org/kos/geo/368	Iraq (l')
http://data.un.org/kos/geo/376	Израиль
http://data.un.org/kos/geo/376	إسرائيل
http://data.un.org/kos/geo/376	以色列
http://data.un.org/kos/geo/376	Israël
http://data.un.org/kos/geo/400	Иордания
http://data.un.org/kos/geo/400	الأردن
http://data.un.org/kos/geo/400	约旦
http://data.un.org/kos/geo/400	Jordania
http://data.un.org/kos/geo/400	Jordanie
http://data.un.org/kos/geo/400	Jordanie (la)
http://data.un.org/kos/geo/414	Кувейт
http://data.un.org/kos/geo/414	الكويت
http://data.un.org/kos/geo/414	科威特
http://data.un.org/kos/geo/414	Koweït
http://data.un.org/kos/geo/414	Koweït (le)
http://data.un.org/kos/geo/422	Ливан
http://data.un.org/kos/geo/422	لبنان
http://data.un.org/kos/geo/422	黎巴嫩
http://data.un.org/kos/geo/422	Líbano
http://data.un.org/kos/geo/422	Liban
http://data.un.org/kos/geo/422	Liban (le)
http://data.un.org/kos/geo/512	Оман
http://data.un.org/kos/geo/512	阿曼
http://data.un.org/kos/geo/512	Omán
http://data.un.org/kos/geo/512	سلطنة عمان
http://data.un.org/kos/geo/634	Катар
http://data.un.org/kos/geo/634	قطر
http://data.un.org/kos/geo/634	卡塔尔
http://data.un.org/kos/geo/634	Qatar (le)
http://data.un.org/kos/geo/634	Catar
http://data.un.org/kos/geo/682	Саудовская Аравия
http://data.un.org/kos/geo/682	沙特阿拉伯
http://data.un.org/kos/geo/682	السعودية
http://data.un.org/kos/geo/682	Arabie saoudite
http://data.un.org/kos/geo/682	Arabie saoudite (l')
http://data.un.org/kos/geo/682	Arabia Saudita
http://data.un.org/kos/geo/275	Государство Палестина
http://data.un.org/kos/geo/275	Palestina
http://data.un.org/kos/geo/275	Palestine
http://data.un.org/kos/geo/275	Palestine, État de
http://data.un.org/kos/geo/275	الضفة الغربية وقطاع غزة
http://data.un.org/kos/geo/275	Territorios Palestinos
http://data.un.org/kos/geo/275	Territoires palestiniens occupés
http://data.un.org/kos/geo/275	巴勒斯坦领土
http://data.un.org/kos/geo/275	فلسطين
http://data.un.org/kos/geo/275	巴勒斯坦
http://data.un.org/kos/geo/275	Palestinian territories
http://data.un.org/kos/geo/275	Палестинские территории
http://data.un.org/kos/geo/760	Syria
http://data.un.org/kos/geo/760	Siria
http://data.un.org/kos/geo/760	Syrie
http://data.un.org/kos/geo/760	République arabe syrienne (la)
http://data.un.org/kos/geo/760	سوريا
http://data.un.org/kos/geo/760	Сирия
http://data.un.org/kos/geo/760	叙利亚
http://data.un.org/kos/geo/792	Турция
http://data.un.org/kos/geo/792	تركيا
http://data.un.org/kos/geo/792	土耳其
http://data.un.org/kos/geo/792	Turquía
http://data.un.org/kos/geo/792	Turquie
http://data.un.org/kos/geo/792	Turquie (la)
http://data.un.org/kos/geo/784	الإمارات العربية المتحدة
http://data.un.org/kos/geo/784	阿拉伯联合酋长国
http://data.un.org/kos/geo/784	Emiratos Árabes Unidos
http://data.un.org/kos/geo/784	Émirats arabes unis
http://data.un.org/kos/geo/784	Émirats arabes unis (les)
http://data.un.org/kos/geo/784	Объединённые Арабские Эмираты
http://data.un.org/kos/geo/887	Йемен
http://data.un.org/kos/geo/887	اليمن
http://data.un.org/kos/geo/887	也门
http://data.un.org/kos/geo/887	Yémen
http://data.un.org/kos/geo/887	Yémen (le)
http://data.un.org/kos/geo/112	Белоруссия
http://data.un.org/kos/geo/112	Biélorussie
http://data.un.org/kos/geo/112	Bélarus (le)
http://data.un.org/kos/geo/112	白罗斯
http://data.un.org/kos/geo/112	Bielorrusia
http://data.un.org/kos/geo/112	روسيا البيضاء
http://data.un.org/kos/geo/100	Болгария
http://data.un.org/kos/geo/100	بلغاريا
http://data.un.org/kos/geo/100	保加利亚
http://data.un.org/kos/geo/100	Bulgarie
http://data.un.org/kos/geo/100	Bulgarie (la)
http://data.un.org/kos/geo/203	República Checa
http://data.un.org/kos/geo/203	République tchèque
http://data.un.org/kos/geo/203	Tchéquie (la)
http://data.un.org/kos/geo/203	捷克
http://data.un.org/kos/geo/203	Czech Republic
http://data.un.org/kos/geo/203	Чехия
http://data.un.org/kos/geo/203	التشيك
http://data.un.org/kos/geo/348	Венгрия
http://data.un.org/kos/geo/348	匈牙利
http://data.un.org/kos/geo/348	المجر
http://data.un.org/kos/geo/348	Hungría
http://data.un.org/kos/geo/348	Hongrie
http://data.un.org/kos/geo/348	Hongrie (la)
http://data.un.org/kos/geo/616	Польша
http://data.un.org/kos/geo/616	بولندا
http://data.un.org/kos/geo/616	波兰
http://data.un.org/kos/geo/616	Polonia
http://data.un.org/kos/geo/616	Pologne
http://data.un.org/kos/geo/616	Pologne (la)
http://data.un.org/kos/geo/498	Молдавия
http://data.un.org/kos/geo/498	摩尔多瓦
http://data.un.org/kos/geo/498	Moldova
http://data.un.org/kos/geo/498	Moldavia
http://data.un.org/kos/geo/498	Moldavie
http://data.un.org/kos/geo/498	Moldova, République de
http://data.un.org/kos/geo/498	مولدوفا
http://data.un.org/kos/geo/642	Румыния
http://data.un.org/kos/geo/642	رومانيا
http://data.un.org/kos/geo/642	Roumanie
http://data.un.org/kos/geo/642	Roumanie (la)
http://data.un.org/kos/geo/642	羅馬尼亞
http://data.un.org/kos/geo/642	Rumania
http://data.un.org/kos/geo/643	Россия
http://data.un.org/kos/geo/643	روسيا
http://data.un.org/kos/geo/643	Russia
http://data.un.org/kos/geo/643	Rusia
http://data.un.org/kos/geo/643	Russie
http://data.un.org/kos/geo/643	Russie (la Fédération de)
http://data.un.org/kos/geo/643	俄罗斯
http://data.un.org/kos/geo/703	Словакия
http://data.un.org/kos/geo/703	سلوفاكيا
http://data.un.org/kos/geo/703	斯洛伐克
http://data.un.org/kos/geo/703	Eslovaquia
http://data.un.org/kos/geo/703	Slovaquie
http://data.un.org/kos/geo/703	Slovaquie (la)
http://data.un.org/kos/geo/804	Украина
http://data.un.org/kos/geo/804	أوكرانيا
http://data.un.org/kos/geo/804	乌克兰
http://data.un.org/kos/geo/804	Ucrania
http://data.un.org/kos/geo/804	Ukraine (l')
http://data.un.org/kos/geo/248	Åland
http://data.un.org/kos/geo/248	Åland(les Îles)
http://data.un.org/kos/geo/248	Аландские острова
http://data.un.org/kos/geo/248	جزر أولاند
http://data.un.org/kos/geo/248	奥兰群岛
http://data.un.org/kos/geo/208	Дания
http://data.un.org/kos/geo/208	丹麦
http://data.un.org/kos/geo/208	Dinamarca
http://data.un.org/kos/geo/208	Danemark
http://data.un.org/kos/geo/208	Danemark (le)
http://data.un.org/kos/geo/208	الدنمارك
http://data.un.org/kos/geo/233	Эстония
http://data.un.org/kos/geo/233	إستونيا
http://data.un.org/kos/geo/233	爱沙尼亚
http://data.un.org/kos/geo/233	Estonie
http://data.un.org/kos/geo/233	Estonie (l')
http://data.un.org/kos/geo/234	Islas Feroe
http://data.un.org/kos/geo/234	Féroé (les Îles)
http://data.un.org/kos/geo/234	Фарерские острова
http://data.un.org/kos/geo/234	جزر فارو
http://data.un.org/kos/geo/234	îles Féroé
http://data.un.org/kos/geo/234	法罗群岛
http://data.un.org/kos/geo/246	Финляндия
http://data.un.org/kos/geo/246	فنلندا
http://data.un.org/kos/geo/246	芬兰
http://data.un.org/kos/geo/246	Finlandia
http://data.un.org/kos/geo/246	Finlande
http://data.un.org/kos/geo/246	Finlande (la)
http://data.un.org/kos/geo/352	Исландия
http://data.un.org/kos/geo/352	آيسلندا
http://data.un.org/kos/geo/352	冰岛
http://data.un.org/kos/geo/352	Islandia
http://data.un.org/kos/geo/352	Islande
http://data.un.org/kos/geo/352	Islande (l')
http://data.un.org/kos/geo/372	Ирландия
http://data.un.org/kos/geo/372	Irlanda
http://data.un.org/kos/geo/372	Irlande
http://data.un.org/kos/geo/372	Irlande (l')
http://data.un.org/kos/geo/372	جمهورية أيرلندا
http://data.un.org/kos/geo/372	爱尔兰共和国
http://data.un.org/kos/geo/833	île de Man
http://data.un.org/kos/geo/833	Isla de Man
http://data.un.org/kos/geo/833	Île de Man
http://data.un.org/kos/geo/833	جزيرة مان
http://data.un.org/kos/geo/833	остров Мэн
http://data.un.org/kos/geo/833	马恩岛
http://data.un.org/kos/geo/428	Латвия
http://data.un.org/kos/geo/428	لاتفيا
http://data.un.org/kos/geo/428	Letonia
http://data.un.org/kos/geo/428	Lettonie
http://data.un.org/kos/geo/428	Lettonie (la)
http://data.un.org/kos/geo/428	拉脫維亞
http://data.un.org/kos/geo/440	Литва
http://data.un.org/kos/geo/440	ليتوانيا
http://data.un.org/kos/geo/440	立陶宛
http://data.un.org/kos/geo/440	Lituania
http://data.un.org/kos/geo/440	Lituanie
http://data.un.org/kos/geo/440	Lituanie (la)
http://data.un.org/kos/geo/578	Норвегия
http://data.un.org/kos/geo/578	النرويج
http://data.un.org/kos/geo/578	挪威
http://data.un.org/kos/geo/578	Noruega
http://data.un.org/kos/geo/578	Norvège
http://data.un.org/kos/geo/578	Norvège (la)
http://data.un.org/kos/geo/744	Svalbard et l'Île Jan Mayen (le)
http://data.un.org/kos/geo/744	Svalbard and Jan Mayen
http://data.un.org/kos/geo/744	سفالبارد ويان ماين
http://data.un.org/kos/geo/744	Svalbard y Jan Mayen
http://data.un.org/kos/geo/744	Svalbard et Jan Mayen
http://data.un.org/kos/geo/744	Шпицберген и Ян-Майен
http://data.un.org/kos/geo/744	斯瓦尔巴和扬马延
http://data.un.org/kos/geo/752	Швеция
http://data.un.org/kos/geo/752	السويد
http://data.un.org/kos/geo/752	瑞典
http://data.un.org/kos/geo/752	Suecia
http://data.un.org/kos/geo/752	Suède
http://data.un.org/kos/geo/752	Suède (la)
http://data.un.org/kos/geo/826	المملكة المتحدة
http://data.un.org/kos/geo/826	Великобритания
http://data.un.org/kos/geo/826	Reino Unido
http://data.un.org/kos/geo/826	United Kingdom
http://data.un.org/kos/geo/826	Royaume-Uni
http://data.un.org/kos/geo/826	Royaume-Uni de Grande-Bretagne et d'Irlande du Nord (le)
http://data.un.org/kos/geo/826	英国
http://data.un.org/kos/geo/8	Албания
http://data.un.org/kos/geo/8	ألبانيا
http://data.un.org/kos/geo/8	阿尔巴尼亚
http://data.un.org/kos/geo/8	Albanie
http://data.un.org/kos/geo/8	Albanie (l')
http://data.un.org/kos/geo/20	Андорра
http://data.un.org/kos/geo/20	أندورا
http://data.un.org/kos/geo/20	安道尔
http://data.un.org/kos/geo/20	Andorre
http://data.un.org/kos/geo/20	Andorre (l')
http://data.un.org/kos/geo/70	Босния и Герцеговина
http://data.un.org/kos/geo/70	البوسنة والهرسك
http://data.un.org/kos/geo/70	波斯尼亚和黑塞哥维那
http://data.un.org/kos/geo/70	Bosnia y Herzegovina
http://data.un.org/kos/geo/70	Bosnie-Herzégovine
http://data.un.org/kos/geo/70	Bosnie-Herzégovine (la)
http://data.un.org/kos/geo/191	Хорватия
http://data.un.org/kos/geo/191	كرواتيا
http://data.un.org/kos/geo/191	克罗地亚
http://data.un.org/kos/geo/191	Croacia
http://data.un.org/kos/geo/191	Croatie
http://data.un.org/kos/geo/191	Croatie (la)
http://data.un.org/kos/geo/292	Гибралтар
http://data.un.org/kos/geo/292	جبل طارق
http://data.un.org/kos/geo/292	直布罗陀
http://data.un.org/kos/geo/300	Греция
http://data.un.org/kos/geo/300	اليونان
http://data.un.org/kos/geo/300	希腊
http://data.un.org/kos/geo/300	Grecia
http://data.un.org/kos/geo/300	Grèce
http://data.un.org/kos/geo/300	Grèce (la)
http://data.un.org/kos/geo/336	Ватикан
http://data.un.org/kos/geo/336	Vatican
http://data.un.org/kos/geo/336	Saint-Siège (le)
http://data.un.org/kos/geo/336	Vatican City
http://data.un.org/kos/geo/336	الفاتيكان
http://data.un.org/kos/geo/336	Ciudad del Vaticano
http://data.un.org/kos/geo/336	梵蒂冈
http://data.un.org/kos/geo/380	Италия
http://data.un.org/kos/geo/380	إيطاليا
http://data.un.org/kos/geo/380	意大利
http://data.un.org/kos/geo/380	Italia
http://data.un.org/kos/geo/380	Italie
http://data.un.org/kos/geo/380	Italie (l')
http://data.un.org/kos/geo/470	Мальта
http://data.un.org/kos/geo/470	马耳他
http://data.un.org/kos/geo/470	مالطا
http://data.un.org/kos/geo/470	Malte
http://data.un.org/kos/geo/499	Черногория
http://data.un.org/kos/geo/499	الجبل الأسود
http://data.un.org/kos/geo/499	Monténégro
http://data.un.org/kos/geo/499	Monténégro (le)
http://data.un.org/kos/geo/499	蒙特內哥羅
http://data.un.org/kos/geo/807	Macedonia del Norte
http://data.un.org/kos/geo/807	Macédoine du Nord
http://data.un.org/kos/geo/807	Macédoine (l'ex‑République yougoslave de)
http://data.un.org/kos/geo/807	Северная Македония
http://data.un.org/kos/geo/807	北马其顿
http://data.un.org/kos/geo/807	مقدونيا الشمالية
http://data.un.org/kos/geo/620	Португалия
http://data.un.org/kos/geo/620	البرتغال
http://data.un.org/kos/geo/620	葡萄牙
http://data.un.org/kos/geo/620	Portugal (le)
http://data.un.org/kos/geo/674	Сан-Марино
http://data.un.org/kos/geo/674	سان مارينو
http://data.un.org/kos/geo/674	圣马力诺
http://data.un.org/kos/geo/674	Saint-Marin
http://data.un.org/kos/geo/688	Сербия
http://data.un.org/kos/geo/688	صربيا
http://data.un.org/kos/geo/688	塞尔维亚
http://data.un.org/kos/geo/688	Serbie
http://data.un.org/kos/geo/688	Serbie (la)
http://data.un.org/kos/geo/705	Словения
http://data.un.org/kos/geo/705	سلوفينيا
http://data.un.org/kos/geo/705	斯洛文尼亚
http://data.un.org/kos/geo/705	Eslovenia
http://data.un.org/kos/geo/705	Slovénie
http://data.un.org/kos/geo/705	Slovénie (la)
http://data.un.org/kos/geo/724	Испания
http://data.un.org/kos/geo/724	إسبانيا
http://data.un.org/kos/geo/724	西班牙
http://data.un.org/kos/geo/724	España
http://data.un.org/kos/geo/724	Espagne
http://data.un.org/kos/geo/724	Espagne (l')
http://data.un.org/kos/geo/40	Австрия
http://data.un.org/kos/geo/40	النمسا
http://data.un.org/kos/geo/40	奥地利
http://data.un.org/kos/geo/40	Autriche
http://data.un.org/kos/geo/40	Autriche (l')
http://data.un.org/kos/geo/56	Бельгия
http://data.un.org/kos/geo/56	بلجيكا
http://data.un.org/kos/geo/56	比利时
http://data.un.org/kos/geo/56	Bélgica
http://data.un.org/kos/geo/56	Belgique
http://data.un.org/kos/geo/56	Belgique (la)
http://data.un.org/kos/geo/250	Франция
http://data.un.org/kos/geo/250	فرنسا
http://data.un.org/kos/geo/250	法国
http://data.un.org/kos/geo/250	Francia
http://data.un.org/kos/geo/250	France (la)
http://data.un.org/kos/geo/276	Германия
http://data.un.org/kos/geo/276	ألمانيا
http://data.un.org/kos/geo/276	德国
http://data.un.org/kos/geo/276	Alemania
http://data.un.org/kos/geo/276	Allemagne
http://data.un.org/kos/geo/276	Allemagne (l')
http://data.un.org/kos/geo/438	Лихтенштейн
http://data.un.org/kos/geo/438	ليختنشتاين
http://data.un.org/kos/geo/438	Liechtenstein (le)
http://data.un.org/kos/geo/438	列支敦斯登
http://data.un.org/kos/geo/442	Люксембург
http://data.un.org/kos/geo/442	卢森堡
http://data.un.org/kos/geo/442	لوكسمبورغ
http://data.un.org/kos/geo/442	Luxemburgo
http://data.un.org/kos/geo/442	Luxembourg (le)
http://data.un.org/kos/geo/492	Монако
http://data.un.org/kos/geo/492	موناكو
http://data.un.org/kos/geo/492	摩纳哥
http://data.un.org/kos/geo/492	Mónaco
http://data.un.org/kos/geo/528	Нидерланды
http://data.un.org/kos/geo/528	هولندا
http://data.un.org/kos/geo/528	Reino de los Países Bajos
http://data.un.org/kos/geo/528	Kingdom of the Netherlands
http://data.un.org/kos/geo/528	Países Bajos
http://data.un.org/kos/geo/528	Pays-Bas
http://data.un.org/kos/geo/528	Pays-Bas (les)
http://data.un.org/kos/geo/528	荷蘭
http://data.un.org/kos/geo/528	مملكة هولندا
http://data.un.org/kos/geo/528	Королевство Нидерландов
http://data.un.org/kos/geo/528	荷兰王国
http://data.un.org/kos/geo/756	Швейцария
http://data.un.org/kos/geo/756	سويسرا
http://data.un.org/kos/geo/756	瑞士
http://data.un.org/kos/geo/756	Suiza
http://data.un.org/kos/geo/756	Suisse
http://data.un.org/kos/geo/756	Suisse (la)
http://data.un.org/kos/geo/36	Австралия
http://data.un.org/kos/geo/36	أستراليا
http://data.un.org/kos/geo/36	澳大利亚
http://data.un.org/kos/geo/36	Australie
http://data.un.org/kos/geo/36	Australie (l')
http://data.un.org/kos/geo/162	Остров Рождества
http://data.un.org/kos/geo/162	圣诞岛
http://data.un.org/kos/geo/162	Christmas (l'Île)
http://data.un.org/kos/geo/162	Isla de Navidad
http://data.un.org/kos/geo/162	île Christmas
http://data.un.org/kos/geo/162	جزيرة عيد الميلاد
http://data.un.org/kos/geo/166	Cocos (les Îles)/ Keeling (les Îles)
http://data.un.org/kos/geo/166	Кокосовые острова
http://data.un.org/kos/geo/166	科科斯（基林）群島
http://data.un.org/kos/geo/166	جزر كوكوس
http://data.un.org/kos/geo/166	islas Cocos
http://data.un.org/kos/geo/166	îles Cocos
http://data.un.org/kos/geo/334	Heard-et-Îles MacDonald (l'Île)
http://data.un.org/kos/geo/334	جزيرة هيرد وجزر ماكدونالد
http://data.un.org/kos/geo/334	Islas Heard y McDonald
http://data.un.org/kos/geo/334	îles Heard-et-MacDonald
http://data.un.org/kos/geo/334	Остров Херд и острова Макдональд
http://data.un.org/kos/geo/334	赫德島和麥克唐納群島
http://data.un.org/kos/geo/554	Новая Зеландия
http://data.un.org/kos/geo/554	نيوزيلندا
http://data.un.org/kos/geo/554	新西兰
http://data.un.org/kos/geo/554	Nueva Zelanda
http://data.un.org/kos/geo/554	Nouvelle-Zélande
http://data.un.org/kos/geo/554	Nouvelle-Zélande (la)
http://data.un.org/kos/geo/574	جزيرة نورفولك
http://data.un.org/kos/geo/574	诺福克岛
http://data.un.org/kos/geo/574	Isla Norfolk
http://data.un.org/kos/geo/574	Norfolk (l'Île)
http://data.un.org/kos/geo/574	Норфолк
http://data.un.org/kos/geo/574	île Norfolk
http://data.un.org/kos/geo/242	Фиджи
http://data.un.org/kos/geo/242	فيجي
http://data.un.org/kos/geo/242	Fiyi
http://data.un.org/kos/geo/242	Fidji
http://data.un.org/kos/geo/242	Fidji (les)
http://data.un.org/kos/geo/242	斐濟
http://data.un.org/kos/geo/540	Новая Каледония
http://data.un.org/kos/geo/540	كاليدونيا الجديدة
http://data.un.org/kos/geo/540	Nueva Caledonia
http://data.un.org/kos/geo/540	Nouvelle-Calédonie
http://data.un.org/kos/geo/540	Nouvelle-Calédonie (la)
http://data.un.org/kos/geo/540	新喀里多尼亞
http://data.un.org/kos/geo/598	Папуа — Новая Гвинея
http://data.un.org/kos/geo/598	بابوا غينيا الجديدة
http://data.un.org/kos/geo/598	巴布亚新几内亚
http://data.un.org/kos/geo/598	Papúa Nueva Guinea
http://data.un.org/kos/geo/598	Papouasie-Nouvelle-Guinée (la)
http://data.un.org/kos/geo/598	Papouasie-Nouvelle-Guinée
http://data.un.org/kos/geo/90	Соломоновы Острова
http://data.un.org/kos/geo/90	جزر سليمان
http://data.un.org/kos/geo/90	Islas Salomón
http://data.un.org/kos/geo/90	Îles Salomon
http://data.un.org/kos/geo/90	Salomon (Îles)
http://data.un.org/kos/geo/90	索羅門群島
http://data.un.org/kos/geo/548	Вануату
http://data.un.org/kos/geo/548	Vanuatu (le)
http://data.un.org/kos/geo/548	萬那杜
http://data.un.org/kos/geo/548	فانواتو
http://data.un.org/kos/geo/316	Гуам
http://data.un.org/kos/geo/316	غوام
http://data.un.org/kos/geo/316	關島
http://data.un.org/kos/geo/296	Кирибати
http://data.un.org/kos/geo/296	吉里巴斯
http://data.un.org/kos/geo/296	كيريباتي
http://data.un.org/kos/geo/584	Маршалловы Острова
http://data.un.org/kos/geo/584	جزر مارشال
http://data.un.org/kos/geo/584	Islas Marshall
http://data.un.org/kos/geo/584	Îles Marshall
http://data.un.org/kos/geo/584	Marshall (Îles)
http://data.un.org/kos/geo/584	馬紹爾群島
http://data.un.org/kos/geo/583	密克罗尼西亚联邦
http://data.un.org/kos/geo/583	Micronesia
http://data.un.org/kos/geo/583	Federated States of Micronesia
http://data.un.org/kos/geo/583	États fédérés de Micronésie
http://data.un.org/kos/geo/583	Micronésie (États fédérés de)
http://data.un.org/kos/geo/583	ولايات ميكرونيسيا المتحدة
http://data.un.org/kos/geo/583	Микронезия
http://data.un.org/kos/geo/520	Науру
http://data.un.org/kos/geo/520	ناورو
http://data.un.org/kos/geo/520	諾魯
http://data.un.org/kos/geo/580	Северные Марианские острова
http://data.un.org/kos/geo/580	جزر ماريانا الشمالية
http://data.un.org/kos/geo/580	北马里亚纳群岛
http://data.un.org/kos/geo/580	Islas Marianas del Norte
http://data.un.org/kos/geo/580	Mariannes du Nord (les Îles)
http://data.un.org/kos/geo/580	îles Mariannes du Nord
http://data.un.org/kos/geo/585	Палау
http://data.un.org/kos/geo/585	بالاو
http://data.un.org/kos/geo/585	Palaos
http://data.un.org/kos/geo/585	Palaos (les)
http://data.un.org/kos/geo/585	帛琉
http://data.un.org/kos/geo/581	Îles mineures éloignées des États-Unis (les)
http://data.un.org/kos/geo/581	Islas ultramarinas de Estados Unidos
http://data.un.org/kos/geo/581	Îles mineures éloignées des États-Unis
http://data.un.org/kos/geo/581	Внешние малые острова США
http://data.un.org/kos/geo/581	美国本土外小岛屿
http://data.un.org/kos/geo/581	جزر الولايات المتحدة الصغيرة النائية
http://data.un.org/kos/geo/16	Американское Самоа
http://data.un.org/kos/geo/16	ساموا الأمريكية
http://data.un.org/kos/geo/16	Samoa américaines
http://data.un.org/kos/geo/16	Samoa américaines (les)
http://data.un.org/kos/geo/16	Samoa Estadounidense
http://data.un.org/kos/geo/16	美屬薩摩亞
http://data.un.org/kos/geo/184	Острова Кука
http://data.un.org/kos/geo/184	جزر كوك
http://data.un.org/kos/geo/184	库克群岛
http://data.un.org/kos/geo/184	Islas Cook
http://data.un.org/kos/geo/184	Îles Cook
http://data.un.org/kos/geo/184	Cook (les Îles)
http://data.un.org/kos/geo/258	Французская Полинезия
http://data.un.org/kos/geo/258	Polinesia Francesa
http://data.un.org/kos/geo/258	Polynésie française
http://data.un.org/kos/geo/258	Polynésie française (la)
http://data.un.org/kos/geo/258	法屬玻里尼西亞
http://data.un.org/kos/geo/258	بولينزيا الفرنسية
http://data.un.org/kos/geo/570	Ниуэ
http://data.un.org/kos/geo/570	紐埃
http://data.un.org/kos/geo/570	نييوي
http://data.un.org/kos/geo/612	Îles Pitcairn
http://data.un.org/kos/geo/612	Pitcairn Islands
http://data.un.org/kos/geo/612	Islas Pitcairn
http://data.un.org/kos/geo/612	جزر بيتكيرن
http://data.un.org/kos/geo/612	Острова Питкэрн
http://data.un.org/kos/geo/612	皮特凯恩群岛
http://data.un.org/kos/geo/882	Самоа
http://data.un.org/kos/geo/882	ساموا
http://data.un.org/kos/geo/882	萨摩亚
http://data.un.org/kos/geo/882	Samoa (le)
http://data.un.org/kos/geo/772	Токелау
http://data.un.org/kos/geo/772	Tokelau (les)
http://data.un.org/kos/geo/772	توكيلاو
http://data.un.org/kos/geo/772	托克劳群岛
http://data.un.org/kos/geo/776	Тонга
http://data.un.org/kos/geo/776	تونغا
http://data.un.org/kos/geo/776	Tonga (les)
http://data.un.org/kos/geo/776	東加
http://data.un.org/kos/geo/798	Тувалу
http://data.un.org/kos/geo/798	توفالو
http://data.un.org/kos/geo/798	Tuvalu (les)
http://data.un.org/kos/geo/798	吐瓦魯
http://data.un.org/kos/geo/876	Wallis-et-Futuna
http://data.un.org/kos/geo/876	Wallis and Futuna
http://data.un.org/kos/geo/876	Wallis y Futuna
http://data.un.org/kos/geo/876	Wallis-et-Futuna 
http://data.un.org/kos/geo/876	واليس وفوتونا
http://data.un.org/kos/geo/876	Уоллис и Футуна
http://data.un.org/kos/geo/876	瓦利斯和富圖納
